"locationname","location","party","partyname","measure","Measure","frequency","Frequency","entityname","entity","Unit Code","Unit","PowerCode Code","PowerCode","Reference Period Code","Reference Period","amount","Flag Codes","Flags"
"AUS","Australia","LRUN25FE"," Aged 25-54, Females","STSA","Level, rate or quantity series, s.a.","Q","Quarterly","2017-Q3","Q32017","PC","Percentage","0","Units",,,4.624345,,
"AUS","Australia","LRUN25FE"," Aged 25-54, Females","STSA","Level, rate or quantity series, s.a.","Q","Quarterly","2017-Q4","Q42017","PC","Percentage","0","Units",,,4.597081,,
"AUS","Australia","LRUN25MA"," Aged 25-54, Males","STSA","Level, rate or quantity series, s.a.","Q","Quarterly","2017-Q3","Q32017","PC","Percentage","0","Units",,,4.094939,,
"AUS","Australia","LRUN25MA"," Aged 25-54, Males","STSA","Level, rate or quantity series, s.a.","Q","Quarterly","2017-Q4","Q42017","PC","Percentage","0","Units",,,3.998917,,
"AUS","Australia","LRUN25TT"," Aged 25-54, All persons","STSA","Level, rate or quantity series, s.a.","Q","Quarterly","2017-Q3","Q32017","PC","Percentage","0","Units",,,4.342803,,
"AUS","Australia","LRUN25TT"," Aged 25-54, All persons","STSA","Level, rate or quantity series, s.a.","Q","Quarterly","2017-Q4","Q42017","PC","Percentage","0","Units",,,4.280052,,
"AUT","Austria","LRUN25FE"," Aged 25-54, Females","STSA","Level, rate or quantity series, s.a.","Q","Quarterly","2017-Q3","Q32017","PC","Percentage","0","Units",,,4.664787,,
"AUT","Austria","LRUN25FE"," Aged 25-54, Females","STSA","Level, rate or quantity series, s.a.","Q","Quarterly","2017-Q4","Q42017","PC","Percentage","0","Units",,,4.774595,,
"AUT","Austria","LRUN25MA"," Aged 25-54, Males","STSA","Level, rate or quantity series, s.a.","Q","Quarterly","2017-Q3","Q32017","PC","Percentage","0","Units",,,5.564915,,
"AUT","Austria","LRUN25MA"," Aged 25-54, Males","STSA","Level, rate or quantity series, s.a.","Q","Quarterly","2017-Q4","Q42017","PC","Percentage","0","Units",,,5.48348,,
"AUT","Austria","LRUN25TT"," Aged 25-54, All persons","STSA","Level, rate or quantity series, s.a.","Q","Quarterly","2017-Q3","Q32017","PC","Percentage","0","Units",,,5.135056,,
"AUT","Austria","LRUN25TT"," Aged 25-54, All persons","STSA","Level, rate or quantity series, s.a.","Q","Quarterly","2017-Q4","Q42017","PC","Percentage","0","Units",,,5.144271,,
"BEL","Belgium","LRUN25FE"," Aged 25-54, Females","STSA","Level, rate or quantity series, s.a.","Q","Quarterly","2017-Q3","Q32017","PC","Percentage","0","Units",,,6.476905,,
"BEL","Belgium","LRUN25FE"," Aged 25-54, Females","STSA","Level, rate or quantity series, s.a.","Q","Quarterly","2017-Q4","Q42017","PC","Percentage","0","Units",,,5.539992,,
"BEL","Belgium","LRUN25MA"," Aged 25-54, Males","STSA","Level, rate or quantity series, s.a.","Q","Quarterly","2017-Q3","Q32017","PC","Percentage","0","Units",,,6.483312,,
"BEL","Belgium","LRUN25MA"," Aged 25-54, Males","STSA","Level, rate or quantity series, s.a.","Q","Quarterly","2017-Q4","Q42017","PC","Percentage","0","Units",,,5.854133,,
"BEL","Belgium","LRUN25TT"," Aged 25-54, All persons","STSA","Level, rate or quantity series, s.a.","Q","Quarterly","2017-Q3","Q32017","PC","Percentage","0","Units",,,6.480336,,
"BEL","Belgium","LRUN25TT"," Aged 25-54, All persons","STSA","Level, rate or quantity series, s.a.","Q","Quarterly","2017-Q4","Q42017","PC","Percentage","0","Units",,,5.707198,,
"CAN","Canada","LRUN25FE"," Aged 25-54, Females","STSA","Level, rate or quantity series, s.a.","Q","Quarterly","2017-Q3","Q32017","PC","Percentage","0","Units",,,5.266667,,
"CAN","Canada","LRUN25FE"," Aged 25-54, Females","STSA","Level, rate or quantity series, s.a.","Q","Quarterly","2017-Q4","Q42017","PC","Percentage","0","Units",,,4.933333,,
"CAN","Canada","LRUN25MA"," Aged 25-54, Males","STSA","Level, rate or quantity series, s.a.","Q","Quarterly","2017-Q3","Q32017","PC","Percentage","0","Units",,,5.666667,,
"CAN","Canada","LRUN25MA"," Aged 25-54, Males","STSA","Level, rate or quantity series, s.a.","Q","Quarterly","2017-Q4","Q42017","PC","Percentage","0","Units",,,5.166667,,
"CAN","Canada","LRUN25TT"," Aged 25-54, All persons","STSA","Level, rate or quantity series, s.a.","Q","Quarterly","2017-Q3","Q32017","PC","Percentage","0","Units",,,5.466667,,
"CAN","Canada","LRUN25TT"," Aged 25-54, All persons","STSA","Level, rate or quantity series, s.a.","Q","Quarterly","2017-Q4","Q42017","PC","Percentage","0","Units",,,5.066667,,
"CZE","Czech Republic","LRUN25FE"," Aged 25-54, Females","STSA","Level, rate or quantity series, s.a.","Q","Quarterly","2017-Q3","Q32017","PC","Percentage","0","Units",,,3.288261,,
"CZE","Czech Republic","LRUN25FE"," Aged 25-54, Females","STSA","Level, rate or quantity series, s.a.","Q","Quarterly","2017-Q4","Q42017","PC","Percentage","0","Units",,,2.956825,,
"CZE","Czech Republic","LRUN25MA"," Aged 25-54, Males","STSA","Level, rate or quantity series, s.a.","Q","Quarterly","2017-Q3","Q32017","PC","Percentage","0","Units",,,1.866638,,
"CZE","Czech Republic","LRUN25MA"," Aged 25-54, Males","STSA","Level, rate or quantity series, s.a.","Q","Quarterly","2017-Q4","Q42017","PC","Percentage","0","Units",,,1.861094,,
"CZE","Czech Republic","LRUN25TT"," Aged 25-54, All persons","STSA","Level, rate or quantity series, s.a.","Q","Quarterly","2017-Q3","Q32017","PC","Percentage","0","Units",,,2.506552,,
"CZE","Czech Republic","LRUN25TT"," Aged 25-54, All persons","STSA","Level, rate or quantity series, s.a.","Q","Quarterly","2017-Q4","Q42017","PC","Percentage","0","Units",,,2.352497,,
"DNK","Denmark","LRUN25FE"," Aged 25-54, Females","STSA","Level, rate or quantity series, s.a.","Q","Quarterly","2017-Q3","Q32017","PC","Percentage","0","Units",,,5.82449,,
"DNK","Denmark","LRUN25FE"," Aged 25-54, Females","STSA","Level, rate or quantity series, s.a.","Q","Quarterly","2017-Q4","Q42017","PC","Percentage","0","Units",,,5.057668,,
"DNK","Denmark","LRUN25MA"," Aged 25-54, Males","STSA","Level, rate or quantity series, s.a.","Q","Quarterly","2017-Q3","Q32017","PC","Percentage","0","Units",,,4.655159,,
"DNK","Denmark","LRUN25MA"," Aged 25-54, Males","STSA","Level, rate or quantity series, s.a.","Q","Quarterly","2017-Q4","Q42017","PC","Percentage","0","Units",,,4.665219,,
"DNK","Denmark","LRUN25TT"," Aged 25-54, All persons","STSA","Level, rate or quantity series, s.a.","Q","Quarterly","2017-Q3","Q32017","PC","Percentage","0","Units",,,5.212797,,
"DNK","Denmark","LRUN25TT"," Aged 25-54, All persons","STSA","Level, rate or quantity series, s.a.","Q","Quarterly","2017-Q4","Q42017","PC","Percentage","0","Units",,,4.850559,,
"FIN","Finland","LRUN25FE"," Aged 25-54, Females","STSA","Level, rate or quantity series, s.a.","Q","Quarterly","2017-Q3","Q32017","PC","Percentage","0","Units",,,7.203133,,
"FIN","Finland","LRUN25FE"," Aged 25-54, Females","STSA","Level, rate or quantity series, s.a.","Q","Quarterly","2017-Q4","Q42017","PC","Percentage","0","Units",,,6.63316,,
"FIN","Finland","LRUN25MA"," Aged 25-54, Males","STSA","Level, rate or quantity series, s.a.","Q","Quarterly","2017-Q3","Q32017","PC","Percentage","0","Units",,,7.264854,,
"FIN","Finland","LRUN25MA"," Aged 25-54, Males","STSA","Level, rate or quantity series, s.a.","Q","Quarterly","2017-Q4","Q42017","PC","Percentage","0","Units",,,7.118236,,
"FIN","Finland","LRUN25TT"," Aged 25-54, All persons","STSA","Level, rate or quantity series, s.a.","Q","Quarterly","2017-Q3","Q32017","PC","Percentage","0","Units",,,7.235879,,
"FIN","Finland","LRUN25TT"," Aged 25-54, All persons","STSA","Level, rate or quantity series, s.a.","Q","Quarterly","2017-Q4","Q42017","PC","Percentage","0","Units",,,6.88922,,
"FRA","France","LRUN25FE"," Aged 25-54, Females","STSA","Level, rate or quantity series, s.a.","Q","Quarterly","2017-Q3","Q32017","PC","Percentage","0","Units",,,9.176485,,
"FRA","France","LRUN25FE"," Aged 25-54, Females","STSA","Level, rate or quantity series, s.a.","Q","Quarterly","2017-Q4","Q42017","PC","Percentage","0","Units",,,8.335366,,
"FRA","France","LRUN25MA"," Aged 25-54, Males","STSA","Level, rate or quantity series, s.a.","Q","Quarterly","2017-Q3","Q32017","PC","Percentage","0","Units",,,8.487103,,
"FRA","France","LRUN25MA"," Aged 25-54, Males","STSA","Level, rate or quantity series, s.a.","Q","Quarterly","2017-Q4","Q42017","PC","Percentage","0","Units",,,7.818558,,
"FRA","France","LRUN25TT"," Aged 25-54, All persons","STSA","Level, rate or quantity series, s.a.","Q","Quarterly","2017-Q3","Q32017","PC","Percentage","0","Units",,,8.818592,,
"FRA","France","LRUN25TT"," Aged 25-54, All persons","STSA","Level, rate or quantity series, s.a.","Q","Quarterly","2017-Q4","Q42017","PC","Percentage","0","Units",,,8.067374,,
"DEU","Germany","LRUN25FE"," Aged 25-54, Females","STSA","Level, rate or quantity series, s.a.","Q","Quarterly","2017-Q3","Q32017","PC","Percentage","0","Units",,,3.149328,,
"DEU","Germany","LRUN25FE"," Aged 25-54, Females","STSA","Level, rate or quantity series, s.a.","Q","Quarterly","2017-Q4","Q42017","PC","Percentage","0","Units",,,2.995277,,
"DEU","Germany","LRUN25MA"," Aged 25-54, Males","STSA","Level, rate or quantity series, s.a.","Q","Quarterly","2017-Q3","Q32017","PC","Percentage","0","Units",,,3.78362,,
"DEU","Germany","LRUN25MA"," Aged 25-54, Males","STSA","Level, rate or quantity series, s.a.","Q","Quarterly","2017-Q4","Q42017","PC","Percentage","0","Units",,,3.645923,,
"DEU","Germany","LRUN25TT"," Aged 25-54, All persons","STSA","Level, rate or quantity series, s.a.","Q","Quarterly","2017-Q3","Q32017","PC","Percentage","0","Units",,,3.488515,,
"DEU","Germany","LRUN25TT"," Aged 25-54, All persons","STSA","Level, rate or quantity series, s.a.","Q","Quarterly","2017-Q4","Q42017","PC","Percentage","0","Units",,,3.342939,,
"GRC","Greece","LRUN25FE"," Aged 25-54, Females","STSA","Level, rate or quantity series, s.a.","Q","Quarterly","2017-Q3","Q32017","PC","Percentage","0","Units",,,25.18127,,
"GRC","Greece","LRUN25FE"," Aged 25-54, Females","STSA","Level, rate or quantity series, s.a.","Q","Quarterly","2017-Q4","Q42017","PC","Percentage","0","Units",,,25.14437,,
"GRC","Greece","LRUN25MA"," Aged 25-54, Males","STSA","Level, rate or quantity series, s.a.","Q","Quarterly","2017-Q3","Q32017","PC","Percentage","0","Units",,,16.10672,,
"GRC","Greece","LRUN25MA"," Aged 25-54, Males","STSA","Level, rate or quantity series, s.a.","Q","Quarterly","2017-Q4","Q42017","PC","Percentage","0","Units",,,16.0105,,
"GRC","Greece","LRUN25TT"," Aged 25-54, All persons","STSA","Level, rate or quantity series, s.a.","Q","Quarterly","2017-Q3","Q32017","PC","Percentage","0","Units",,,20.20911,,
"GRC","Greece","LRUN25TT"," Aged 25-54, All persons","STSA","Level, rate or quantity series, s.a.","Q","Quarterly","2017-Q4","Q42017","PC","Percentage","0","Units",,,20.1376,,
"HUN","Hungary","LRUN25FE"," Aged 25-54, Females","STSA","Level, rate or quantity series, s.a.","Q","Quarterly","2017-Q3","Q32017","PC","Percentage","0","Units",,,3.867441,,
"HUN","Hungary","LRUN25FE"," Aged 25-54, Females","STSA","Level, rate or quantity series, s.a.","Q","Quarterly","2017-Q4","Q42017","PC","Percentage","0","Units",,,4.004275,,
"HUN","Hungary","LRUN25MA"," Aged 25-54, Males","STSA","Level, rate or quantity series, s.a.","Q","Quarterly","2017-Q3","Q32017","PC","Percentage","0","Units",,,3.375535,,
"HUN","Hungary","LRUN25MA"," Aged 25-54, Males","STSA","Level, rate or quantity series, s.a.","Q","Quarterly","2017-Q4","Q42017","PC","Percentage","0","Units",,,3.116328,,
"HUN","Hungary","LRUN25TT"," Aged 25-54, All persons","STSA","Level, rate or quantity series, s.a.","Q","Quarterly","2017-Q3","Q32017","PC","Percentage","0","Units",,,3.602084,,
"HUN","Hungary","LRUN25TT"," Aged 25-54, All persons","STSA","Level, rate or quantity series, s.a.","Q","Quarterly","2017-Q4","Q42017","PC","Percentage","0","Units",,,3.524615,,
"ISL","Iceland","LRUN25FE"," Aged 25-54, Females","STSA","Level, rate or quantity series, s.a.","Q","Quarterly","2017-Q3","Q32017","PC","Percentage","0","Units",,,1.408359,,
"ISL","Iceland","LRUN25FE"," Aged 25-54, Females","STSA","Level, rate or quantity series, s.a.","Q","Quarterly","2017-Q4","Q42017","PC","Percentage","0","Units",,,2.157702,,
"ISL","Iceland","LRUN25MA"," Aged 25-54, Males","STSA","Level, rate or quantity series, s.a.","Q","Quarterly","2017-Q3","Q32017","PC","Percentage","0","Units",,,1.345629,,
"ISL","Iceland","LRUN25MA"," Aged 25-54, Males","STSA","Level, rate or quantity series, s.a.","Q","Quarterly","2017-Q4","Q42017","PC","Percentage","0","Units",,,1.962691,,
"ISL","Iceland","LRUN25TT"," Aged 25-54, All persons","STSA","Level, rate or quantity series, s.a.","Q","Quarterly","2017-Q3","Q32017","PC","Percentage","0","Units",,,1.375015,,
"ISL","Iceland","LRUN25TT"," Aged 25-54, All persons","STSA","Level, rate or quantity series, s.a.","Q","Quarterly","2017-Q4","Q42017","PC","Percentage","0","Units",,,2.053812,,
"IRL","Ireland","LRUN25FE"," Aged 25-54, Females","STSA","Level, rate or quantity series, s.a.","Q","Quarterly","2017-Q3","Q32017","PC","Percentage","0","Units",,,5.567079,,
"IRL","Ireland","LRUN25FE"," Aged 25-54, Females","STSA","Level, rate or quantity series, s.a.","Q","Quarterly","2017-Q4","Q42017","PC","Percentage","0","Units",,,4.966732,,
"IRL","Ireland","LRUN25MA"," Aged 25-54, Males","STSA","Level, rate or quantity series, s.a.","Q","Quarterly","2017-Q3","Q32017","PC","Percentage","0","Units",,,6.178557,,
"IRL","Ireland","LRUN25MA"," Aged 25-54, Males","STSA","Level, rate or quantity series, s.a.","Q","Quarterly","2017-Q4","Q42017","PC","Percentage","0","Units",,,5.910133,,
"IRL","Ireland","LRUN25TT"," Aged 25-54, All persons","STSA","Level, rate or quantity series, s.a.","Q","Quarterly","2017-Q3","Q32017","PC","Percentage","0","Units",,,5.893495,,
"IRL","Ireland","LRUN25TT"," Aged 25-54, All persons","STSA","Level, rate or quantity series, s.a.","Q","Quarterly","2017-Q4","Q42017","PC","Percentage","0","Units",,,5.468756,,
"ITA","Italy","LRUN25FE"," Aged 25-54, Females","STSA","Level, rate or quantity series, s.a.","Q","Quarterly","2017-Q3","Q32017","PC","Percentage","0","Units",,,12.52429,,
"ITA","Italy","LRUN25FE"," Aged 25-54, Females","STSA","Level, rate or quantity series, s.a.","Q","Quarterly","2017-Q4","Q42017","PC","Percentage","0","Units",,,11.74173,,
"ITA","Italy","LRUN25MA"," Aged 25-54, Males","STSA","Level, rate or quantity series, s.a.","Q","Quarterly","2017-Q3","Q32017","PC","Percentage","0","Units",,,9.81732,,
"ITA","Italy","LRUN25MA"," Aged 25-54, Males","STSA","Level, rate or quantity series, s.a.","Q","Quarterly","2017-Q4","Q42017","PC","Percentage","0","Units",,,9.678066,,
"ITA","Italy","LRUN25TT"," Aged 25-54, All persons","STSA","Level, rate or quantity series, s.a.","Q","Quarterly","2017-Q3","Q32017","PC","Percentage","0","Units",,,10.9945,,
"ITA","Italy","LRUN25TT"," Aged 25-54, All persons","STSA","Level, rate or quantity series, s.a.","Q","Quarterly","2017-Q4","Q42017","PC","Percentage","0","Units",,,10.57306,,
"JPN","Japan","LRUN25FE"," Aged 25-54, Females","STSA","Level, rate or quantity series, s.a.","Q","Quarterly","2017-Q3","Q32017","PC","Percentage","0","Units",,,2.651889,,
"JPN","Japan","LRUN25FE"," Aged 25-54, Females","STSA","Level, rate or quantity series, s.a.","Q","Quarterly","2017-Q4","Q42017","PC","Percentage","0","Units",,,2.709822,,
"JPN","Japan","LRUN25MA"," Aged 25-54, Males","STSA","Level, rate or quantity series, s.a.","Q","Quarterly","2017-Q3","Q32017","PC","Percentage","0","Units",,,2.931709,,
"JPN","Japan","LRUN25MA"," Aged 25-54, Males","STSA","Level, rate or quantity series, s.a.","Q","Quarterly","2017-Q4","Q42017","PC","Percentage","0","Units",,,2.752024,,
"JPN","Japan","LRUN25TT"," Aged 25-54, All persons","STSA","Level, rate or quantity series, s.a.","Q","Quarterly","2017-Q3","Q32017","PC","Percentage","0","Units",,,2.800749,,
"JPN","Japan","LRUN25TT"," Aged 25-54, All persons","STSA","Level, rate or quantity series, s.a.","Q","Quarterly","2017-Q4","Q42017","PC","Percentage","0","Units",,,2.702262,,
"KOR","Korea","LRUN25FE"," Aged 25-54, Females","STSA","Level, rate or quantity series, s.a.","Q","Quarterly","2017-Q3","Q32017","PC","Percentage","0","Units",,,3.18249,,
"KOR","Korea","LRUN25FE"," Aged 25-54, Females","STSA","Level, rate or quantity series, s.a.","Q","Quarterly","2017-Q4","Q42017","PC","Percentage","0","Units",,,3.285026,,
"KOR","Korea","LRUN25MA"," Aged 25-54, Males","STSA","Level, rate or quantity series, s.a.","Q","Quarterly","2017-Q3","Q32017","PC","Percentage","0","Units",,,3.634035,,
"KOR","Korea","LRUN25MA"," Aged 25-54, Males","STSA","Level, rate or quantity series, s.a.","Q","Quarterly","2017-Q4","Q42017","PC","Percentage","0","Units",,,3.661118,,
"KOR","Korea","LRUN25TT"," Aged 25-54, All persons","STSA","Level, rate or quantity series, s.a.","Q","Quarterly","2017-Q3","Q32017","PC","Percentage","0","Units",,,3.448487,,
"KOR","Korea","LRUN25TT"," Aged 25-54, All persons","STSA","Level, rate or quantity series, s.a.","Q","Quarterly","2017-Q4","Q42017","PC","Percentage","0","Units",,,3.506324,,
"LUX","Luxembourg","LRUN25FE"," Aged 25-54, Females","STSA","Level, rate or quantity series, s.a.","Q","Quarterly","2017-Q3","Q32017","PC","Percentage","0","Units",,,5.175436,,
"LUX","Luxembourg","LRUN25FE"," Aged 25-54, Females","STSA","Level, rate or quantity series, s.a.","Q","Quarterly","2017-Q4","Q42017","PC","Percentage","0","Units",,,4.825511,,
"LUX","Luxembourg","LRUN25MA"," Aged 25-54, Males","STSA","Level, rate or quantity series, s.a.","Q","Quarterly","2017-Q3","Q32017","PC","Percentage","0","Units",,,5.081452,,
"LUX","Luxembourg","LRUN25MA"," Aged 25-54, Males","STSA","Level, rate or quantity series, s.a.","Q","Quarterly","2017-Q4","Q42017","PC","Percentage","0","Units",,,4.327008,,
"LUX","Luxembourg","LRUN25TT"," Aged 25-54, All persons","STSA","Level, rate or quantity series, s.a.","Q","Quarterly","2017-Q3","Q32017","PC","Percentage","0","Units",,,5.126334,,
"LUX","Luxembourg","LRUN25TT"," Aged 25-54, All persons","STSA","Level, rate or quantity series, s.a.","Q","Quarterly","2017-Q4","Q42017","PC","Percentage","0","Units",,,4.558026,,
"MEX","Mexico","LRUN25FE"," Aged 25-54, Females","STSA","Level, rate or quantity series, s.a.","Q","Quarterly","2017-Q3","Q32017","PC","Percentage","0","Units",,,3.063764,,
"MEX","Mexico","LRUN25FE"," Aged 25-54, Females","STSA","Level, rate or quantity series, s.a.","Q","Quarterly","2017-Q4","Q42017","PC","Percentage","0","Units",,,3.095888,,
"MEX","Mexico","LRUN25MA"," Aged 25-54, Males","STSA","Level, rate or quantity series, s.a.","Q","Quarterly","2017-Q3","Q32017","PC","Percentage","0","Units",,,2.78739,,
"MEX","Mexico","LRUN25MA"," Aged 25-54, Males","STSA","Level, rate or quantity series, s.a.","Q","Quarterly","2017-Q4","Q42017","PC","Percentage","0","Units",,,2.736688,,
"MEX","Mexico","LRUN25TT"," Aged 25-54, All persons","STSA","Level, rate or quantity series, s.a.","Q","Quarterly","2017-Q3","Q32017","PC","Percentage","0","Units",,,2.897512,,
"MEX","Mexico","LRUN25TT"," Aged 25-54, All persons","STSA","Level, rate or quantity series, s.a.","Q","Quarterly","2017-Q4","Q42017","PC","Percentage","0","Units",,,2.880653,,
"NLD","Netherlands","LRUN25FE"," Aged 25-54, Females","STSA","Level, rate or quantity series, s.a.","Q","Quarterly","2017-Q3","Q32017","PC","Percentage","0","Units",,,4.043504,,
"NLD","Netherlands","LRUN25FE"," Aged 25-54, Females","STSA","Level, rate or quantity series, s.a.","Q","Quarterly","2017-Q4","Q42017","PC","Percentage","0","Units",,,3.815104,,
"NLD","Netherlands","LRUN25MA"," Aged 25-54, Males","STSA","Level, rate or quantity series, s.a.","Q","Quarterly","2017-Q3","Q32017","PC","Percentage","0","Units",,,3.151792,,
"NLD","Netherlands","LRUN25MA"," Aged 25-54, Males","STSA","Level, rate or quantity series, s.a.","Q","Quarterly","2017-Q4","Q42017","PC","Percentage","0","Units",,,2.955182,,
"NLD","Netherlands","LRUN25TT"," Aged 25-54, All persons","STSA","Level, rate or quantity series, s.a.","Q","Quarterly","2017-Q3","Q32017","PC","Percentage","0","Units",,,3.57399,,
"NLD","Netherlands","LRUN25TT"," Aged 25-54, All persons","STSA","Level, rate or quantity series, s.a.","Q","Quarterly","2017-Q4","Q42017","PC","Percentage","0","Units",,,3.361039,,
"NZL","New Zealand","LRUN25FE"," Aged 25-54, Females","STSA","Level, rate or quantity series, s.a.","Q","Quarterly","2017-Q3","Q32017","PC","Percentage","0","Units",,,4.159571,,
"NZL","New Zealand","LRUN25FE"," Aged 25-54, Females","STSA","Level, rate or quantity series, s.a.","Q","Quarterly","2017-Q4","Q42017","PC","Percentage","0","Units",,,4.0336,,
"NZL","New Zealand","LRUN25MA"," Aged 25-54, Males","STSA","Level, rate or quantity series, s.a.","Q","Quarterly","2017-Q3","Q32017","PC","Percentage","0","Units",,,2.698842,,
"NZL","New Zealand","LRUN25MA"," Aged 25-54, Males","STSA","Level, rate or quantity series, s.a.","Q","Quarterly","2017-Q4","Q42017","PC","Percentage","0","Units",,,2.596947,,
"NZL","New Zealand","LRUN25TT"," Aged 25-54, All persons","STSA","Level, rate or quantity series, s.a.","Q","Quarterly","2017-Q3","Q32017","PC","Percentage","0","Units",,,3.404699,,
"NZL","New Zealand","LRUN25TT"," Aged 25-54, All persons","STSA","Level, rate or quantity series, s.a.","Q","Quarterly","2017-Q4","Q42017","PC","Percentage","0","Units",,,3.289983,,
"NOR","Norway","LRUN25FE"," Aged 25-54, Females","STSA","Level, rate or quantity series, s.a.","Q","Quarterly","2017-Q3","Q32017","PC","Percentage","0","Units",,,3.146601,,
"NOR","Norway","LRUN25FE"," Aged 25-54, Females","STSA","Level, rate or quantity series, s.a.","Q","Quarterly","2017-Q4","Q42017","PC","Percentage","0","Units",,,3.292574,,
"NOR","Norway","LRUN25MA"," Aged 25-54, Males","STSA","Level, rate or quantity series, s.a.","Q","Quarterly","2017-Q3","Q32017","PC","Percentage","0","Units",,,3.806597,,
"NOR","Norway","LRUN25MA"," Aged 25-54, Males","STSA","Level, rate or quantity series, s.a.","Q","Quarterly","2017-Q4","Q42017","PC","Percentage","0","Units",,,3.731059,,
"NOR","Norway","LRUN25TT"," Aged 25-54, All persons","STSA","Level, rate or quantity series, s.a.","Q","Quarterly","2017-Q3","Q32017","PC","Percentage","0","Units",,,3.494187,,
"NOR","Norway","LRUN25TT"," Aged 25-54, All persons","STSA","Level, rate or quantity series, s.a.","Q","Quarterly","2017-Q4","Q42017","PC","Percentage","0","Units",,,3.522942,,
"POL","Poland","LRUN25FE"," Aged 25-54, Females","STSA","Level, rate or quantity series, s.a.","Q","Quarterly","2017-Q3","Q32017","PC","Percentage","0","Units",,,4.26936,,
"POL","Poland","LRUN25FE"," Aged 25-54, Females","STSA","Level, rate or quantity series, s.a.","Q","Quarterly","2017-Q4","Q42017","PC","Percentage","0","Units",,,4.005841,,
"POL","Poland","LRUN25MA"," Aged 25-54, Males","STSA","Level, rate or quantity series, s.a.","Q","Quarterly","2017-Q3","Q32017","PC","Percentage","0","Units",,,3.996915,,
"POL","Poland","LRUN25MA"," Aged 25-54, Males","STSA","Level, rate or quantity series, s.a.","Q","Quarterly","2017-Q4","Q42017","PC","Percentage","0","Units",,,3.781669,,
"POL","Poland","LRUN25TT"," Aged 25-54, All persons","STSA","Level, rate or quantity series, s.a.","Q","Quarterly","2017-Q3","Q32017","PC","Percentage","0","Units",,,4.121662,,
"POL","Poland","LRUN25TT"," Aged 25-54, All persons","STSA","Level, rate or quantity series, s.a.","Q","Quarterly","2017-Q4","Q42017","PC","Percentage","0","Units",,,3.88451,,
"PRT","Portugal","LRUN25FE"," Aged 25-54, Females","STSA","Level, rate or quantity series, s.a.","Q","Quarterly","2017-Q3","Q32017","PC","Percentage","0","Units",,,8.170594,,
"PRT","Portugal","LRUN25FE"," Aged 25-54, Females","STSA","Level, rate or quantity series, s.a.","Q","Quarterly","2017-Q4","Q42017","PC","Percentage","0","Units",,,7.44822,,
"PRT","Portugal","LRUN25MA"," Aged 25-54, Males","STSA","Level, rate or quantity series, s.a.","Q","Quarterly","2017-Q3","Q32017","PC","Percentage","0","Units",,,6.90483,,
"PRT","Portugal","LRUN25MA"," Aged 25-54, Males","STSA","Level, rate or quantity series, s.a.","Q","Quarterly","2017-Q4","Q42017","PC","Percentage","0","Units",,,6.677425,,
"PRT","Portugal","LRUN25TT"," Aged 25-54, All persons","STSA","Level, rate or quantity series, s.a.","Q","Quarterly","2017-Q3","Q32017","PC","Percentage","0","Units",,,7.54312,,
"PRT","Portugal","LRUN25TT"," Aged 25-54, All persons","STSA","Level, rate or quantity series, s.a.","Q","Quarterly","2017-Q4","Q42017","PC","Percentage","0","Units",,,7.065749,,
"SVK","Slovak Republic","LRUN25FE"," Aged 25-54, Females","STSA","Level, rate or quantity series, s.a.","Q","Quarterly","2017-Q3","Q32017","PC","Percentage","0","Units",,,7.694735,,
"SVK","Slovak Republic","LRUN25FE"," Aged 25-54, Females","STSA","Level, rate or quantity series, s.a.","Q","Quarterly","2017-Q4","Q42017","PC","Percentage","0","Units",,,7.611794,,
"SVK","Slovak Republic","LRUN25MA"," Aged 25-54, Males","STSA","Level, rate or quantity series, s.a.","Q","Quarterly","2017-Q3","Q32017","PC","Percentage","0","Units",,,7.216884,,
"SVK","Slovak Republic","LRUN25MA"," Aged 25-54, Males","STSA","Level, rate or quantity series, s.a.","Q","Quarterly","2017-Q4","Q42017","PC","Percentage","0","Units",,,6.763409,,
"SVK","Slovak Republic","LRUN25TT"," Aged 25-54, All persons","STSA","Level, rate or quantity series, s.a.","Q","Quarterly","2017-Q3","Q32017","PC","Percentage","0","Units",,,7.434134,,
"SVK","Slovak Republic","LRUN25TT"," Aged 25-54, All persons","STSA","Level, rate or quantity series, s.a.","Q","Quarterly","2017-Q4","Q42017","PC","Percentage","0","Units",,,7.147242,,
"ESP","Spain","LRUN25FE"," Aged 25-54, Females","STSA","Level, rate or quantity series, s.a.","Q","Quarterly","2017-Q3","Q32017","PC","Percentage","0","Units",,,17.83668,,
"ESP","Spain","LRUN25FE"," Aged 25-54, Females","STSA","Level, rate or quantity series, s.a.","Q","Quarterly","2017-Q4","Q42017","PC","Percentage","0","Units",,,17.44228,,
"ESP","Spain","LRUN25MA"," Aged 25-54, Males","STSA","Level, rate or quantity series, s.a.","Q","Quarterly","2017-Q3","Q32017","PC","Percentage","0","Units",,,13.43385,,
"ESP","Spain","LRUN25MA"," Aged 25-54, Males","STSA","Level, rate or quantity series, s.a.","Q","Quarterly","2017-Q4","Q42017","PC","Percentage","0","Units",,,13.24495,,
"ESP","Spain","LRUN25TT"," Aged 25-54, All persons","STSA","Level, rate or quantity series, s.a.","Q","Quarterly","2017-Q3","Q32017","PC","Percentage","0","Units",,,15.50766,,
"ESP","Spain","LRUN25TT"," Aged 25-54, All persons","STSA","Level, rate or quantity series, s.a.","Q","Quarterly","2017-Q4","Q42017","PC","Percentage","0","Units",,,15.217,,
"SWE","Sweden","LRUN25FE"," Aged 25-54, Females","STSA","Level, rate or quantity series, s.a.","Q","Quarterly","2017-Q3","Q32017","PC","Percentage","0","Units",,,5.296183,,
"SWE","Sweden","LRUN25FE"," Aged 25-54, Females","STSA","Level, rate or quantity series, s.a.","Q","Quarterly","2017-Q4","Q42017","PC","Percentage","0","Units",,,5.291504,,
"SWE","Sweden","LRUN25MA"," Aged 25-54, Males","STSA","Level, rate or quantity series, s.a.","Q","Quarterly","2017-Q3","Q32017","PC","Percentage","0","Units",,,5.614977,,
"SWE","Sweden","LRUN25MA"," Aged 25-54, Males","STSA","Level, rate or quantity series, s.a.","Q","Quarterly","2017-Q4","Q42017","PC","Percentage","0","Units",,,5.453208,,
"SWE","Sweden","LRUN25TT"," Aged 25-54, All persons","STSA","Level, rate or quantity series, s.a.","Q","Quarterly","2017-Q3","Q32017","PC","Percentage","0","Units",,,5.463271,,
"SWE","Sweden","LRUN25TT"," Aged 25-54, All persons","STSA","Level, rate or quantity series, s.a.","Q","Quarterly","2017-Q4","Q42017","PC","Percentage","0","Units",,,5.376256,,
"CHE","Switzerland","LRUN25FE"," Aged 25-54, Females","STSA","Level, rate or quantity series, s.a.","Q","Quarterly","2017-Q3","Q32017","PC","Percentage","0","Units",,,5.085527,,
"CHE","Switzerland","LRUN25FE"," Aged 25-54, Females","STSA","Level, rate or quantity series, s.a.","Q","Quarterly","2017-Q4","Q42017","PC","Percentage","0","Units",,,4.920888,,
"CHE","Switzerland","LRUN25MA"," Aged 25-54, Males","STSA","Level, rate or quantity series, s.a.","Q","Quarterly","2017-Q3","Q32017","PC","Percentage","0","Units",,,4.194826,,
"CHE","Switzerland","LRUN25MA"," Aged 25-54, Males","STSA","Level, rate or quantity series, s.a.","Q","Quarterly","2017-Q4","Q42017","PC","Percentage","0","Units",,,4.255323,,
"CHE","Switzerland","LRUN25TT"," Aged 25-54, All persons","STSA","Level, rate or quantity series, s.a.","Q","Quarterly","2017-Q3","Q32017","PC","Percentage","0","Units",,,4.61278,,
"CHE","Switzerland","LRUN25TT"," Aged 25-54, All persons","STSA","Level, rate or quantity series, s.a.","Q","Quarterly","2017-Q4","Q42017","PC","Percentage","0","Units",,,4.567035,,
"TUR","Turkey","LRUN25FE"," Aged 25-54, Females","STSA","Level, rate or quantity series, s.a.","Q","Quarterly","2017-Q3","Q32017","PC","Percentage","0","Units",,,12.24148,,
"TUR","Turkey","LRUN25FE"," Aged 25-54, Females","STSA","Level, rate or quantity series, s.a.","Q","Quarterly","2017-Q4","Q42017","PC","Percentage","0","Units",,,11.48028,,
"TUR","Turkey","LRUN25MA"," Aged 25-54, Males","STSA","Level, rate or quantity series, s.a.","Q","Quarterly","2017-Q3","Q32017","PC","Percentage","0","Units",,,7.635669,,
"TUR","Turkey","LRUN25MA"," Aged 25-54, Males","STSA","Level, rate or quantity series, s.a.","Q","Quarterly","2017-Q4","Q42017","PC","Percentage","0","Units",,,7.793938,,
"TUR","Turkey","LRUN25TT"," Aged 25-54, All persons","STSA","Level, rate or quantity series, s.a.","Q","Quarterly","2017-Q3","Q32017","PC","Percentage","0","Units",,,9.123918,,
"TUR","Turkey","LRUN25TT"," Aged 25-54, All persons","STSA","Level, rate or quantity series, s.a.","Q","Quarterly","2017-Q4","Q42017","PC","Percentage","0","Units",,,8.992167,,
"GBR","United Kingdom","LRUN25FE"," Aged 25-54, Females","STSA","Level, rate or quantity series, s.a.","Q","Quarterly","2017-Q3","Q32017","PC","Percentage","0","Units",,,3.287955,,
"GBR","United Kingdom","LRUN25FE"," Aged 25-54, Females","STSA","Level, rate or quantity series, s.a.","Q","Quarterly","2017-Q4","Q42017","PC","Percentage","0","Units",,,3.266782,,
"GBR","United Kingdom","LRUN25MA"," Aged 25-54, Males","STSA","Level, rate or quantity series, s.a.","Q","Quarterly","2017-Q3","Q32017","PC","Percentage","0","Units",,,2.881445,,
"GBR","United Kingdom","LRUN25MA"," Aged 25-54, Males","STSA","Level, rate or quantity series, s.a.","Q","Quarterly","2017-Q4","Q42017","PC","Percentage","0","Units",,,2.840216,,
"GBR","United Kingdom","LRUN25TT"," Aged 25-54, All persons","STSA","Level, rate or quantity series, s.a.","Q","Quarterly","2017-Q3","Q32017","PC","Percentage","0","Units",,,3.072864,,
"GBR","United Kingdom","LRUN25TT"," Aged 25-54, All persons","STSA","Level, rate or quantity series, s.a.","Q","Quarterly","2017-Q4","Q42017","PC","Percentage","0","Units",,,3.041205,,
"USA","United States","LRUN25FE"," Aged 25-54, Females","STSA","Level, rate or quantity series, s.a.","Q","Quarterly","2017-Q3","Q32017","PC","Percentage","0","Units",,,3.8,,
"USA","United States","LRUN25FE"," Aged 25-54, Females","STSA","Level, rate or quantity series, s.a.","Q","Quarterly","2017-Q4","Q42017","PC","Percentage","0","Units",,,3.566667,,
"USA","United States","LRUN25MA"," Aged 25-54, Males","STSA","Level, rate or quantity series, s.a.","Q","Quarterly","2017-Q3","Q32017","PC","Percentage","0","Units",,,3.7,,
"USA","United States","LRUN25MA"," Aged 25-54, Males","STSA","Level, rate or quantity series, s.a.","Q","Quarterly","2017-Q4","Q42017","PC","Percentage","0","Units",,,3.266667,,
"USA","United States","LRUN25TT"," Aged 25-54, All persons","STSA","Level, rate or quantity series, s.a.","Q","Quarterly","2017-Q3","Q32017","PC","Percentage","0","Units",,,3.733333,,
"USA","United States","LRUN25TT"," Aged 25-54, All persons","STSA","Level, rate or quantity series, s.a.","Q","Quarterly","2017-Q4","Q42017","PC","Percentage","0","Units",,,3.4,,
"CHL","Chile","LRUN25FE"," Aged 25-54, Females","STSA","Level, rate or quantity series, s.a.","Q","Quarterly","2017-Q3","Q32017","PC","Percentage","0","Units",,,6.311759,,
"CHL","Chile","LRUN25FE"," Aged 25-54, Females","STSA","Level, rate or quantity series, s.a.","Q","Quarterly","2017-Q4","Q42017","PC","Percentage","0","Units",,,7.233456,,
"CHL","Chile","LRUN25MA"," Aged 25-54, Males","STSA","Level, rate or quantity series, s.a.","Q","Quarterly","2017-Q3","Q32017","PC","Percentage","0","Units",,,6.051907,,
"CHL","Chile","LRUN25MA"," Aged 25-54, Males","STSA","Level, rate or quantity series, s.a.","Q","Quarterly","2017-Q4","Q42017","PC","Percentage","0","Units",,,5.929022,,
"CHL","Chile","LRUN25TT"," Aged 25-54, All persons","STSA","Level, rate or quantity series, s.a.","Q","Quarterly","2017-Q3","Q32017","PC","Percentage","0","Units",,,6.165059,,
"CHL","Chile","LRUN25TT"," Aged 25-54, All persons","STSA","Level, rate or quantity series, s.a.","Q","Quarterly","2017-Q4","Q42017","PC","Percentage","0","Units",,,6.499739,,
"EST","Estonia","LRUN25FE"," Aged 25-54, Females","STSA","Level, rate or quantity series, s.a.","Q","Quarterly","2017-Q3","Q32017","PC","Percentage","0","Units",,,5.52599,,
"EST","Estonia","LRUN25FE"," Aged 25-54, Females","STSA","Level, rate or quantity series, s.a.","Q","Quarterly","2017-Q4","Q42017","PC","Percentage","0","Units",,,5.497081,,
"EST","Estonia","LRUN25MA"," Aged 25-54, Males","STSA","Level, rate or quantity series, s.a.","Q","Quarterly","2017-Q3","Q32017","PC","Percentage","0","Units",,,4.580013,,
"EST","Estonia","LRUN25MA"," Aged 25-54, Males","STSA","Level, rate or quantity series, s.a.","Q","Quarterly","2017-Q4","Q42017","PC","Percentage","0","Units",,,4.844269,,
"EST","Estonia","LRUN25TT"," Aged 25-54, All persons","STSA","Level, rate or quantity series, s.a.","Q","Quarterly","2017-Q3","Q32017","PC","Percentage","0","Units",,,5.018478,,
"EST","Estonia","LRUN25TT"," Aged 25-54, All persons","STSA","Level, rate or quantity series, s.a.","Q","Quarterly","2017-Q4","Q42017","PC","Percentage","0","Units",,,5.148856,,
"ISR","Israel","LRUN25FE"," Aged 25-54, Females","STSA","Level, rate or quantity series, s.a.","Q","Quarterly","2017-Q3","Q32017","PC","Percentage","0","Units",,,3.690753,,
"ISR","Israel","LRUN25FE"," Aged 25-54, Females","STSA","Level, rate or quantity series, s.a.","Q","Quarterly","2017-Q4","Q42017","PC","Percentage","0","Units",,,3.717719,,
"ISR","Israel","LRUN25MA"," Aged 25-54, Males","STSA","Level, rate or quantity series, s.a.","Q","Quarterly","2017-Q3","Q32017","PC","Percentage","0","Units",,,3.448291,,
"ISR","Israel","LRUN25MA"," Aged 25-54, Males","STSA","Level, rate or quantity series, s.a.","Q","Quarterly","2017-Q4","Q42017","PC","Percentage","0","Units",,,3.689455,,
"ISR","Israel","LRUN25TT"," Aged 25-54, All persons","STSA","Level, rate or quantity series, s.a.","Q","Quarterly","2017-Q3","Q32017","PC","Percentage","0","Units",,,3.565043,,
"ISR","Israel","LRUN25TT"," Aged 25-54, All persons","STSA","Level, rate or quantity series, s.a.","Q","Quarterly","2017-Q4","Q42017","PC","Percentage","0","Units",,,3.703109,,
"SVN","Slovenia","LRUN25FE"," Aged 25-54, Females","STSA","Level, rate or quantity series, s.a.","Q","Quarterly","2017-Q3","Q32017","PC","Percentage","0","Units",,,7.380544,,
"SVN","Slovenia","LRUN25FE"," Aged 25-54, Females","STSA","Level, rate or quantity series, s.a.","Q","Quarterly","2017-Q4","Q42017","PC","Percentage","0","Units",,,6.542155,,
"SVN","Slovenia","LRUN25MA"," Aged 25-54, Males","STSA","Level, rate or quantity series, s.a.","Q","Quarterly","2017-Q3","Q32017","PC","Percentage","0","Units",,,5.098138,,
"SVN","Slovenia","LRUN25MA"," Aged 25-54, Males","STSA","Level, rate or quantity series, s.a.","Q","Quarterly","2017-Q4","Q42017","PC","Percentage","0","Units",,,4.406677,,
"SVN","Slovenia","LRUN25TT"," Aged 25-54, All persons","STSA","Level, rate or quantity series, s.a.","Q","Quarterly","2017-Q3","Q32017","PC","Percentage","0","Units",,,6.19519,,
"SVN","Slovenia","LRUN25TT"," Aged 25-54, All persons","STSA","Level, rate or quantity series, s.a.","Q","Quarterly","2017-Q4","Q42017","PC","Percentage","0","Units",,,5.424052,,
"EU28","European Union (28 countries)","LRUN25MA"," Aged 25-54, Males","STSA","Level, rate or quantity series, s.a.","Q","Quarterly","2017-Q3","Q32017","PC","Percentage","0","Units",,,6.526321,,
"EU28","European Union (28 countries)","LRUN25MA"," Aged 25-54, Males","STSA","Level, rate or quantity series, s.a.","Q","Quarterly","2017-Q4","Q42017","PC","Percentage","0","Units",,,6.327023,,
"EU28","European Union (28 countries)","LRUN25FE"," Aged 25-54, Females","STSA","Level, rate or quantity series, s.a.","Q","Quarterly","2017-Q3","Q32017","PC","Percentage","0","Units",,,7.46359,,
"EU28","European Union (28 countries)","LRUN25FE"," Aged 25-54, Females","STSA","Level, rate or quantity series, s.a.","Q","Quarterly","2017-Q4","Q42017","PC","Percentage","0","Units",,,7.197323,,
"EU28","European Union (28 countries)","LRUN25TT"," Aged 25-54, All persons","STSA","Level, rate or quantity series, s.a.","Q","Quarterly","2017-Q3","Q32017","PC","Percentage","0","Units",,,6.961914,,
"EU28","European Union (28 countries)","LRUN25TT"," Aged 25-54, All persons","STSA","Level, rate or quantity series, s.a.","Q","Quarterly","2017-Q4","Q42017","PC","Percentage","0","Units",,,6.731474,,
"OECD","OECD - Total","LRUN25FE"," Aged 25-54, Females","STSA","Level, rate or quantity series, s.a.","Q","Quarterly","2017-Q3","Q32017","PC","Percentage","0","Units",,,5.632189,,
"OECD","OECD - Total","LRUN25FE"," Aged 25-54, Females","STSA","Level, rate or quantity series, s.a.","Q","Quarterly","2017-Q4","Q42017","PC","Percentage","0","Units",,,5.393317,,
"OECD","OECD - Total","LRUN25TT"," Aged 25-54, All persons","STSA","Level, rate or quantity series, s.a.","Q","Quarterly","2017-Q3","Q32017","PC","Percentage","0","Units",,,5.2759,,
"OECD","OECD - Total","LRUN25TT"," Aged 25-54, All persons","STSA","Level, rate or quantity series, s.a.","Q","Quarterly","2017-Q4","Q42017","PC","Percentage","0","Units",,,5.047961,,
"OECD","OECD - Total","LRUN25MA"," Aged 25-54, Males","STSA","Level, rate or quantity series, s.a.","Q","Quarterly","2017-Q3","Q32017","PC","Percentage","0","Units",,,4.988169,,
"OECD","OECD - Total","LRUN25MA"," Aged 25-54, Males","STSA","Level, rate or quantity series, s.a.","Q","Quarterly","2017-Q4","Q42017","PC","Percentage","0","Units",,,4.772861,,
"EA19","Euro area (19 countries)","LRUN25TT"," Aged 25-54, All persons","STSA","Level, rate or quantity series, s.a.","Q","Quarterly","2017-Q3","Q32017","PC","Percentage","0","Units",,,8.555238,,
"EA19","Euro area (19 countries)","LRUN25TT"," Aged 25-54, All persons","STSA","Level, rate or quantity series, s.a.","Q","Quarterly","2017-Q4","Q42017","PC","Percentage","0","Units",,,8.216949,,
"EA19","Euro area (19 countries)","LRUN25MA"," Aged 25-54, Males","STSA","Level, rate or quantity series, s.a.","Q","Quarterly","2017-Q3","Q32017","PC","Percentage","0","Units",,,7.94348,,
"EA19","Euro area (19 countries)","LRUN25MA"," Aged 25-54, Males","STSA","Level, rate or quantity series, s.a.","Q","Quarterly","2017-Q4","Q42017","PC","Percentage","0","Units",,,7.699906,,
"EA19","Euro area (19 countries)","LRUN25FE"," Aged 25-54, Females","STSA","Level, rate or quantity series, s.a.","Q","Quarterly","2017-Q3","Q32017","PC","Percentage","0","Units",,,9.25631,,
"EA19","Euro area (19 countries)","LRUN25FE"," Aged 25-54, Females","STSA","Level, rate or quantity series, s.a.","Q","Quarterly","2017-Q4","Q42017","PC","Percentage","0","Units",,,8.809259,,
"LVA","Latvia","LRUN25FE"," Aged 25-54, Females","STSA","Level, rate or quantity series, s.a.","Q","Quarterly","2017-Q3","Q32017","PC","Percentage","0","Units",,,7.726528,,
"LVA","Latvia","LRUN25FE"," Aged 25-54, Females","STSA","Level, rate or quantity series, s.a.","Q","Quarterly","2017-Q4","Q42017","PC","Percentage","0","Units",,,7.396101,,
"LVA","Latvia","LRUN25MA"," Aged 25-54, Males","STSA","Level, rate or quantity series, s.a.","Q","Quarterly","2017-Q3","Q32017","PC","Percentage","0","Units",,,8.487821,,
"LVA","Latvia","LRUN25MA"," Aged 25-54, Males","STSA","Level, rate or quantity series, s.a.","Q","Quarterly","2017-Q4","Q42017","PC","Percentage","0","Units",,,8.043404,,
"LVA","Latvia","LRUN25TT"," Aged 25-54, All persons","STSA","Level, rate or quantity series, s.a.","Q","Quarterly","2017-Q3","Q32017","PC","Percentage","0","Units",,,8.114341,,
"LVA","Latvia","LRUN25TT"," Aged 25-54, All persons","STSA","Level, rate or quantity series, s.a.","Q","Quarterly","2017-Q4","Q42017","PC","Percentage","0","Units",,,7.726089,,
